,Region,State,City,Sales_Per_Person,Item_Unit_Price,Quantity_Sold,Discount_Applied,Discount_Cap,Gross_Sales
0,Central,Illinois,Arlington Heights,14.112,14.112,1,14.112,14.112,14.112
1,Central,Illinois,Aurora,18195.584,535.1642352941176,34,535.1642352941176,2113.567,18195.584
2,Central,Illinois,Bloomington,1433.316,179.1645,8,179.1645,617.7,1433.316
3,Central,Illinois,Bolingbrook,397.852,66.30866666666667,6,66.30866666666667,148.48,397.852
4,Central,Illinois,Buffalo Grove,831.399,415.6995,2,415.6995,475.944,831.399
5,Central,Illinois,Carol Stream,6529.049999999999,1305.81,5,1305.81,1305.81,6529.049999999999
6,Central,Illinois,Champaign,151.96,151.96,1,151.96,151.96,151.96
7,Central,Illinois,Chicago,131347.083,373.14512215909093,352,373.14512215909093,2799.96,131347.083
8,Central,Illinois,Danville,43.372,43.372,1,43.372,43.372,43.372
9,Central,Illinois,Decatur,8650.894,393.2224545454546,22,393.2224545454546,756.486,8650.894
10,Central,Illinois,Des Plaines,5930.700000000001,988.4500000000002,6,988.4500000000002,1109.372,5930.700000000001
11,Central,Illinois,Elmhurst,1783.2559999999999,445.81399999999996,4,445.81399999999996,651.588,1783.2559999999999
12,Central,Illinois,Evanston,3237.327,809.33175,4,809.33175,1483.528,3237.327
13,Central,Illinois,Frankfort,97.632,48.816,2,48.816,76.864,97.632
14,Central,Illinois,Freeport,556.964,139.241,4,139.241,170.572,556.964
15,Central,Illinois,Glenview,158.376,158.376,1,158.376,158.376,158.376
16,Central,Illinois,Highland Park,6976.732,996.676,7,996.676,1454.838,6976.732
17,Central,Illinois,Naperville,2474.73,309.34125,8,309.34125,610.307,2474.73
18,Central,Illinois,Normal,366.744,366.744,1,366.744,366.744,366.744
19,Central,Illinois,Oak Park,10.192,10.192,1,10.192,10.192,10.192
20,Central,Illinois,Orland Park,339.96,339.96,1,339.96,339.96,339.96
21,Central,Illinois,Oswego,965.934,321.978,3,321.978,321.978,965.934
22,Central,Illinois,Palatine,116.312,116.312,1,116.312,116.312,116.312
23,Central,Illinois,Park Ridge,685.0,228.33333333333334,3,228.33333333333334,286.4,685.0
24,Central,Illinois,Peoria,879.42,125.63142857142857,7,125.63142857142857,359.058,879.42
25,Central,Illinois,Quincy,1289.884,75.8755294117647,17,75.8755294117647,111.76,1289.884
26,Central,Illinois,Rockford,7491.531999999999,681.0483636363635,11,681.0483636363635,2067.796,7491.531999999999
27,Central,Illinois,Romeoville,8.952,8.952,1,8.952,8.952,8.952
28,Central,Illinois,Saint Charles,5437.6,906.2666666666668,6,906.2666666666668,1349.63,5437.6
29,Central,Illinois,Skokie,2194.432,129.08423529411763,17,129.08423529411763,457.176,2194.432
30,Central,Illinois,Tinley Park,22.288,22.288,1,22.288,22.288,22.288
31,Central,Illinois,Wheeling,1352.748,450.916,3,450.916,615.606,1352.748
32,Central,Illinois,Woodstock,857.2500000000001,285.75000000000006,3,285.75000000000006,845.488,857.2500000000001
33,Central,Indiana,Bloomington,1529.6000000000001,218.51428571428573,7,218.51428571428573,308.6,1529.6000000000001
34,Central,Indiana,Columbus,25665.649999999998,754.8720588235293,34,754.8720588235293,2229.18,25665.649999999998
35,Central,Indiana,Elkhart,342.86,171.43,2,171.43,171.43,342.86
36,Central,Indiana,Greenwood,2145.35,536.3375,4,536.3375,1424.9,2145.35
37,Central,Indiana,Indianapolis,30519.769999999997,1326.9465217391303,23,1326.9465217391303,4472.32,30519.769999999997
38,Central,Indiana,La Porte,2665.65,333.20625,8,333.20625,526.45,2665.65
39,Central,Indiana,Lafayette,93260.59000000001,7771.715833333335,12,7771.715833333335,18336.74,93260.59000000001
40,Central,Indiana,Lawrence,3462.12,314.73818181818183,11,314.73818181818183,638.73,3462.12
41,Central,Indiana,Mishawaka,776.24,388.12,2,388.12,647.84,776.24
42,Central,Indiana,New Albany,838.2,209.55,4,209.55,209.55,838.2
43,Central,Indiana,New Castle,169.22,84.61,2,84.61,84.61,169.22
44,Central,Indiana,Noblesville,3915.66,978.915,4,978.915,2678.94,3915.66
45,Central,Indiana,Portage,16.28,16.28,1,16.28,16.28,16.28
46,Central,Indiana,Richmond,22219.5,766.1896551724138,29,766.1896551724138,3083.94,22219.5
47,Central,Indiana,South Bend,7429.98,1238.33,6,1238.33,1238.33,7429.98
48,Central,Iowa,Burlington,70.11,23.37,3,23.37,44.75,70.11
49,Central,Iowa,Cedar Rapids,278.4,278.4,1,278.4,278.4,278.4
50,Central,Iowa,Des Moines,5346.18,445.51500000000004,12,445.51500000000004,1190.84,5346.18
51,Central,Iowa,Dubuque,3110.64,1036.8799999999999,3,1036.8799999999999,1423.34,3110.64
52,Central,Iowa,Iowa City,9.99,9.99,1,9.99,9.99,9.99
53,Central,Iowa,Marion,766.9599999999999,127.82666666666665,6,127.82666666666665,136.2,766.9599999999999
54,Central,Iowa,Urbandale,252.32,84.10666666666667,3,84.10666666666667,103.2,252.32
55,Central,Iowa,Waterloo,30.32,30.32,1,30.32,30.32,30.32
56,Central,Kansas,Garden City,354.6,70.92,5,70.92,257.98,354.6
57,Central,Kansas,Manhattan,273.96,273.96,1,273.96,273.96,273.96
58,Central,Kansas,Olathe,3259.34,651.868,5,651.868,787.85,3259.34
59,Central,Kansas,Overland Park,1213.82,202.3033333333333,6,202.3033333333333,373.94,1213.82
60,Central,Kansas,Wichita,1126.99,160.99857142857144,7,160.99857142857144,279.9,1126.99
61,Central,Michigan,Ann Arbor,3098.692,619.7384,5,619.7384,736.473,3098.692
62,Central,Michigan,Canton,1134.45,378.15000000000003,3,378.15000000000003,501.81,1134.45
63,Central,Michigan,Dearborn,6230.72,1246.144,5,1246.144,1542.47,6230.72
64,Central,Michigan,Dearborn Heights,3644.36,607.3933333333333,6,607.3933333333333,770.61,3644.36
65,Central,Michigan,Detroit,101815.73,870.2199145299145,117,870.2199145299145,9892.74,101815.73
66,Central,Michigan,Grand Rapids,659.67,94.23857142857142,7,94.23857142857142,209.7,659.67
67,Central,Michigan,Holland,268.22,89.40666666666668,3,89.40666666666668,130.36,268.22
68,Central,Michigan,Jackson,56277.598,1082.2615,52,1082.2615,5802.7,56277.598
69,Central,Michigan,Lansing,6974.39,871.79875,8,871.79875,1273.606,6974.39
70,Central,Michigan,Lincoln Park,1048.532,209.70639999999997,5,209.70639999999997,220.31,1048.532
71,Central,Michigan,Midland,15289.804,1274.1503333333333,12,1274.1503333333333,3999.702,15289.804
72,Central,Michigan,Mount Pleasant,17.14,17.14,1,17.14,17.14,17.14
73,Central,Michigan,Oak Park,1161.72,580.86,2,580.86,580.86,1161.72
74,Central,Michigan,Rochester Hills,132.52,132.52,1,132.52,132.52,132.52
75,Central,Michigan,Roseville,1734.27,289.045,6,289.045,547.97,1734.27
76,Central,Michigan,Royal Oak,35.34,17.67,2,17.67,22.38,35.34
77,Central,Michigan,Saginaw,1900.2600000000002,316.71000000000004,6,316.71000000000004,376.1,1900.2600000000002
78,Central,Michigan,Sterling Heights,110.03999999999999,36.68,3,36.68,79.36,110.03999999999999
79,Central,Michigan,Taylor,353.7,117.89999999999999,3,117.89999999999999,301.96,353.7
80,Central,Michigan,Trenton,7708.124999999999,592.9326923076923,13,592.9326923076923,1109.725,7708.124999999999
81,Central,Michigan,Westland,10430.488000000001,802.3452307692309,13,802.3452307692309,1137.4,10430.488000000001
82,Central,Minnesota,Apple Valley,137.94,68.97,2,68.97,129.3,137.94
83,Central,Minnesota,Coon Rapids,1006.26,503.13,2,503.13,503.13,1006.26
84,Central,Minnesota,Cottage Grove,288.72,144.36,2,144.36,144.36,288.72
85,Central,Minnesota,Eagan,579.4,72.425,8,72.425,75.9,579.4
86,Central,Minnesota,Lakeville,20418.19,1361.2126666666666,15,1361.2126666666666,3745.63,20418.19
87,Central,Minnesota,Maple Grove,1176.65,294.1625,4,294.1625,735.98,1176.65
88,Central,Minnesota,Minneapolis,48939.96,2127.824347826087,23,2127.824347826087,9900.19,48939.96
89,Central,Minnesota,Moorhead,543.86,271.93,2,271.93,479.9,543.86
90,Central,Minnesota,Rochester,5259.69,276.8257894736842,19,276.8257894736842,638.68,5259.69
91,Central,Minnesota,Roseville,10876.0,1812.6666666666667,6,1812.6666666666667,2165.12,10876.0
92,Central,Minnesota,Saint Cloud,3995.46,1331.82,3,1331.82,1331.82,3995.46
93,Central,Minnesota,Saint Paul,192.82999999999998,96.41499999999999,2,96.41499999999999,114.95,192.82999999999998
94,Central,Minnesota,Woodbury,679.89,226.63,3,226.63,535.41,679.89
95,Central,Missouri,Columbia,8121.16,812.116,10,812.116,2377.56,8121.16
96,Central,Missouri,Gladstone,328.68,164.34,2,164.34,164.34,328.68
97,Central,Missouri,Independence,2417.37,1208.685,2,1208.685,1577.94,2417.37
98,Central,Missouri,Jefferson City,86.62,86.62,1,86.62,86.62,86.62
99,Central,Missouri,Kirkwood,482.68,241.34,2,241.34,241.34,482.68
100,Central,Missouri,Saint Charles,519.76,129.94,4,129.94,248.82,519.76
101,Central,Missouri,Saint Louis,381.62,76.324,5,76.324,111.79,381.62
102,Central,Missouri,Saint Peters,697.16,697.16,1,697.16,697.16,697.16
103,Central,Missouri,Springfield,49135.909999999996,1259.895128205128,39,1259.895128205128,4909.61,49135.909999999996
104,Central,Nebraska,Fremont,1198.81,149.85125,8,149.85125,750.68,1198.81
105,Central,Nebraska,Grand Island,15.96,15.96,1,15.96,15.96,15.96
106,Central,Nebraska,Norfolk,17.43,17.43,1,17.43,17.43,17.43
107,Central,Nebraska,Omaha,28257.61,1009.2003571428571,28,1009.2003571428571,2479.96,28257.61
108,Central,North Dakota,Fargo,4514.41,644.9157142857142,7,644.9157142857142,891.53,4514.41
109,Central,Oklahoma,Broken Arrow,4057.12,811.424,5,811.424,1604.73,4057.12
110,Central,Oklahoma,Edmond,1919.1,959.55,2,959.55,959.55,1919.1
111,Central,Oklahoma,Lawton,2114.98,528.745,4,528.745,582.07,2114.98
112,Central,Oklahoma,Muskogee,3443.4,860.85,4,860.85,1702.03,3443.4
113,Central,Oklahoma,Norman,1351.3300000000002,675.6650000000001,2,675.6650000000001,1287.45,1351.3300000000002
114,Central,Oklahoma,Oklahoma City,19266.84,837.6886956521739,23,837.6886956521739,1971.46,19266.84
115,Central,Oklahoma,Tulsa,15321.23,478.7884375,32,478.7884375,1805.88,15321.23
116,Central,South Dakota,Aberdeen,25.5,25.5,1,25.5,25.5,25.5
117,Central,South Dakota,Rapid City,305.28,152.64,2,152.64,152.64,305.28
118,Central,South Dakota,Sioux Falls,6685.33,742.8144444444445,9,742.8144444444445,1107.68,6685.33
119,Central,Texas,Abilene,1.392,1.392,1,1.392,1.392,1.392
120,Central,Texas,Allen,580.412,145.103,4,145.103,259.942,580.412
121,Central,Texas,Amarillo,12081.8528,1006.8210666666668,12,1006.8210666666668,2717.31,12081.8528
122,Central,Texas,Arlington,24699.828,882.1367142857143,28,882.1367142857143,2645.021,24699.828
123,Central,Texas,Austin,35794.946,606.6940000000001,59,606.6940000000001,1476.27,35794.946
124,Central,Texas,Baytown,10.368,10.368,1,10.368,10.368,10.368
125,Central,Texas,Beaumont,931.4639999999999,186.2928,5,186.2928,328.592,931.4639999999999
126,Central,Texas,Bedford,842.144,168.4288,5,168.4288,205.296,842.144
127,Central,Texas,Brownsville,2969.9428,424.2775428571428,7,424.2775428571428,714.966,2969.9428
128,Central,Texas,Bryan,1364.9920000000002,227.4986666666667,6,227.4986666666667,550.816,1364.9920000000002
129,Central,Texas,Carrollton,3227.518,215.16786666666667,15,215.16786666666667,1399.944,3227.518
130,Central,Texas,Cedar Hill,122.376,61.188,2,61.188,115.296,122.376
131,Central,Texas,College Station,349.026,116.342,3,116.342,233.058,349.026
132,Central,Texas,Conroe,111.672,111.672,1,111.672,111.672,111.672
133,Central,Texas,Coppell,216.128,54.032,4,54.032,95.84,216.128
134,Central,Texas,Corpus Christi,544.336,68.042,8,68.042,114.784,544.336
135,Central,Texas,Dallas,52342.4376,292.41585251396646,179,292.41585251396646,1757.8536,52342.4376
136,Central,Texas,Deer Park,6.924,6.924,1,6.924,6.924,6.924
137,Central,Texas,Edinburg,174.184,58.06133333333333,3,58.06133333333333,85.908,174.184
138,Central,Texas,El Paso,11833.956,514.5198260869565,23,514.5198260869565,1322.75,11833.956
139,Central,Texas,Fort Worth,16349.8608,563.7883034482759,29,563.7883034482759,2079.112,16349.8608
140,Central,Texas,Frisco,57.504,28.752,2,28.752,30.336,57.504
141,Central,Texas,Garland,96.48,24.12,4,24.12,30.384,96.48
142,Central,Texas,Grand Prairie,2216.5519999999997,170.50399999999996,13,170.50399999999996,536.858,2216.5519999999997
143,Central,Texas,Grapevine,83.056,41.528,2,41.528,41.528,83.056
144,Central,Texas,Haltom City,2371.088,237.10880000000003,10,237.10880000000003,262.72,2371.088
145,Central,Texas,Harlingen,1334.868,266.9736,5,266.9736,392.06,1334.868
146,Central,Texas,Houston,193350.4196,497.04478046272493,389,497.04478046272493,5579.94,193350.4196
147,Central,Texas,Huntsville,20063.6108,771.6773384615384,26,771.6773384615384,1488.774,20063.6108
148,Central,Texas,Irving,923.096,115.387,8,115.387,244.3,923.096
149,Central,Texas,Keller,6.0,6.0,1,6.0,6.0,6.0
150,Central,Texas,La Porte,60.784,30.392,2,30.392,30.392,60.784
151,Central,Texas,Laredo,4952.708,380.9775384615384,13,380.9775384615384,609.614,4952.708
152,Central,Texas,League City,2859.068,476.51133333333337,6,476.51133333333337,554.166,2859.068
153,Central,Texas,Lubbock,1686.1480000000001,281.0246666666667,6,281.0246666666667,546.792,1686.1480000000001
154,Central,Texas,Mansfield,558.877,279.4385,2,279.4385,517.405,558.877
155,Central,Texas,Mcallen,6173.044,324.89705263157896,19,324.89705263157896,544.41,6173.044
156,Central,Texas,Mesquite,144.324,28.864800000000002,5,28.864800000000002,46.088,144.324
157,Central,Texas,Missouri City,6.37,6.37,1,6.37,6.37,6.37
158,Central,Texas,Odessa,1582.3380000000002,316.46760000000006,5,316.46760000000006,606.214,1582.3380000000002
159,Central,Texas,Pasadena,6363.362,334.91378947368423,19,334.91378947368423,1184.7,6363.362
160,Central,Texas,Pearland,519.616,173.20533333333333,3,173.20533333333333,470.376,519.616
161,Central,Texas,Pharr,4373.316000000001,1093.3290000000002,4,1093.3290000000002,1416.304,4373.316000000001
162,Central,Texas,Plano,11760.7602,784.05068,15,784.05068,1353.5296,11760.7602
163,Central,Texas,Port Arthur,2166.7424,361.12373333333335,6,361.12373333333335,697.8208,2166.7424
164,Central,Texas,Richardson,2576.928,1288.464,2,1288.464,1288.464,2576.928
165,Central,Texas,Round Rock,18390.3312,2043.3701333333333,9,2043.3701333333333,4406.072,18390.3312
166,Central,Texas,San Angelo,1341.284,335.321,4,335.321,345.324,1341.284
167,Central,Texas,San Antonio,190078.19,2135.71,89,2135.71,10539.896,190078.19
168,Central,Texas,San Marcos,433.776,108.444,4,108.444,108.444,433.776
169,Central,Texas,Texas City,1092.714,364.238,3,364.238,489.23,1092.714
170,Central,Texas,The Colony,224.568,74.85600000000001,3,74.85600000000001,82.408,224.568
171,Central,Texas,Tyler,1235.272,247.0544,5,247.0544,296.022,1235.272
172,Central,Texas,Waco,1187.6904,197.9484,6,197.9484,330.4712,1187.6904
173,Central,Wisconsin,Appleton,1671.31,835.655,2,835.655,1649.75,1671.31
174,Central,Wisconsin,Eau Claire,3167.06,527.8433333333334,6,527.8433333333334,1085.87,3167.06
175,Central,Wisconsin,Franklin,14419.61,1602.1788888888889,9,1602.1788888888889,2657.81,14419.61
176,Central,Wisconsin,Green Bay,527.3199999999999,131.82999999999998,4,131.82999999999998,468.9,527.3199999999999
177,Central,Wisconsin,Kenosha,15984.050000000001,1776.0055555555557,9,1776.0055555555557,2531.88,15984.050000000001
178,Central,Wisconsin,La Crosse,3151.1800000000003,630.2360000000001,5,630.2360000000001,773.59,3151.1800000000003
179,Central,Wisconsin,Madison,15476.779999999999,1547.6779999999999,10,1547.6779999999999,2854.48,15476.779999999999
180,Central,Wisconsin,Milwaukee,32925.27,558.0554237288135,59,558.0554237288135,2233.02,32925.27
181,Central,Wisconsin,Sheboygan,318.96,79.74,4,79.74,79.74,318.96
182,Central,Wisconsin,Superior,10278.0,1142.0,9,1142.0,1282.61,10278.0
183,Central,Wisconsin,Waukesha,54.5,54.5,1,54.5,54.5,54.5
184,Central,Wisconsin,Wausau,1269.92,317.48,4,317.48,317.48,1269.92
185,Central,Wisconsin,West Allis,500.96,250.48,2,250.48,250.48,500.96
186,East,Connecticut,Bristol,2539.62,317.4525,8,317.4525,455.23,2539.62
187,East,Connecticut,Danbury,27.46,27.46,1,27.46,27.46,27.46
188,East,Connecticut,Fairfield,9647.367,507.7561578947369,19,507.7561578947369,916.59,9647.367
189,East,Connecticut,Manchester,8300.26,754.569090909091,11,754.569090909091,1179.27,8300.26
190,East,Connecticut,Meriden,4587.0,417.0,11,417.0,1217.38,4587.0
191,East,Connecticut,Middletown,1472.1899999999998,163.57666666666665,9,163.57666666666665,552.56,1472.1899999999998
192,East,Connecticut,Milford,2418.3999999999996,403.0666666666666,6,403.0666666666666,694.67,2418.3999999999996
193,East,Connecticut,Norwich,414.03999999999996,103.50999999999999,4,103.50999999999999,370.14,414.03999999999996
194,East,Connecticut,Shelton,146.66,73.33,2,73.33,73.33,146.66
195,East,Connecticut,Waterbury,3486.4,316.94545454545454,11,316.94545454545454,584.77,3486.4
196,East,Delaware,Dover,656.36,72.92888888888889,9,72.92888888888889,211.96,656.36
197,East,Delaware,Newark,56092.52,719.1348717948717,78,719.1348717948717,10499.97,56092.52
198,East,Delaware,Wilmington,22147.33,763.7010344827587,29,763.7010344827587,1558.42,22147.33
199,East,District of Columbia,Washington,8532.61,853.2610000000001,10,853.2610000000001,2670.19,8532.61
200,East,Maine,Bangor,2946.02,589.204,5,589.204,617.12,2946.02
201,East,Maine,Lewiston,318.24,106.08,3,106.08,106.08,318.24
202,East,Maryland,Baltimore,17774.182,413.35306976744187,43,413.35306976744187,1071.74,17774.182
203,East,Maryland,Clinton,28095.294,968.8032413793104,29,968.8032413793104,2503.82,28095.294
204,East,Maryland,Columbia,35506.21,866.0051219512195,41,866.0051219512195,3013.78,35506.21
205,East,Maryland,Gaithersburg,811.84,405.92,2,405.92,405.92,811.84
206,East,Maryland,Hagerstown,43.8,43.8,1,43.8,43.8,43.8
207,East,Maryland,Laurel,305.18,152.59,2,152.59,152.59,305.18
208,East,Maryland,Rockville,849.0600000000001,169.812,5,169.812,352.47,849.0600000000001
209,East,Massachusetts,Andover,1743.4,435.85,4,435.85,435.85,1743.4
210,East,Massachusetts,Beverly,7749.57,2583.19,3,2583.19,2583.19,7749.57
211,East,Massachusetts,Cambridge,1004.1800000000001,167.36333333333334,6,167.36333333333334,334.43,1004.1800000000001
212,East,Massachusetts,Everett,21066.525999999998,1003.1679047619047,21,1003.1679047619047,1885.27,21066.525999999998
213,East,Massachusetts,Franklin,14557.776,856.3397647058823,17,856.3397647058823,1517.049,14557.776
214,East,Massachusetts,Holyoke,301.96,301.96,1,301.96,301.96,301.96
215,East,Massachusetts,Lawrence,21552.5,653.1060606060606,33,653.1060606060606,1843.402,21552.5
216,East,Massachusetts,Leominster,818.22,136.37,6,136.37,191.62,818.22
217,East,Massachusetts,Lowell,50318.119999999995,1479.9447058823528,34,1479.9447058823528,2304.37,50318.119999999995
218,East,Massachusetts,Malden,417.08,139.02666666666667,3,139.02666666666667,188.7,417.08
219,East,Massachusetts,Marlborough,413.28,206.64,2,206.64,206.64,413.28
220,East,Massachusetts,New Bedford,267.71,53.541999999999994,5,53.541999999999994,128.85,267.71
221,East,Massachusetts,Quincy,20471.76,499.31121951219507,41,499.31121951219507,549.775,20471.76
222,East,Massachusetts,Revere,2369.26,338.46571428571434,7,338.46571428571434,702.74,2369.26
223,East,New Hampshire,Concord,11071.789999999999,527.2280952380952,21,527.2280952380952,1077.47,11071.789999999999
224,East,New Hampshire,Dover,12206.682,1220.6682,10,1220.6682,3332.974,12206.682
225,East,New Hampshire,Nashua,35.94,17.97,2,17.97,21.12,35.94
226,East,New Jersey,Atlantic City,23.36,23.36,1,23.36,23.36,23.36
227,East,New Jersey,Bayonne,550.2,183.4,3,183.4,183.4,550.2
228,East,New Jersey,Belleville,7346.25,734.625,10,734.625,1263.67,7346.25
229,East,New Jersey,Bridgeton,104.82,52.41,2,52.41,52.41,104.82
230,East,New Jersey,Clifton,673.64,336.82,2,336.82,336.82,673.64
231,East,New Jersey,East Orange,1413.68,282.736,5,282.736,345.47,1413.68
232,East,New Jersey,Hackensack,6930.639999999999,1155.1066666666666,6,1155.1066666666666,1368.62,6930.639999999999
233,East,New Jersey,Lakewood,46826.090000000004,1560.8696666666667,30,1560.8696666666667,9135.19,46826.090000000004
234,East,New Jersey,Linden,115.36,115.36,1,115.36,115.36,115.36
235,East,New Jersey,Morristown,8190.209999999999,1170.03,7,1170.03,2643.06,8190.209999999999
236,East,New Jersey,New Brunswick,29.54,14.77,2,14.77,14.77,29.54
237,East,New Jersey,Orange,264.48,44.080000000000005,6,44.080000000000005,76.12,264.48
238,East,New Jersey,Passaic,9372.516,1562.086,6,1562.086,1562.086,9372.516
239,East,New Jersey,Paterson,8467.25,423.3625,20,423.3625,517.91,8467.25
240,East,New Jersey,Perth Amboy,3962.49,495.31125,8,495.31125,815.12,3962.49
241,East,New Jersey,Plainfield,9748.310000000001,749.8700000000001,13,749.8700000000001,2633.51,9748.310000000001
242,East,New Jersey,Vineland,1347.626,168.45325,8,168.45325,244.006,1347.626
243,East,New Jersey,Westfield,1143.66,190.61,6,190.61,311.97,1143.66
244,East,New York,Auburn,5692.378,334.84576470588235,17,334.84576470588235,560.78,5692.378
245,East,New York,Buffalo,15505.402,1550.5402,10,1550.5402,6160.616,15505.402
246,East,New York,Freeport,706.822,117.80366666666667,6,117.80366666666667,322.59,706.822
247,East,New York,Hempstead,8547.372,777.0338181818181,11,777.0338181818181,1671.08,8547.372
248,East,New York,Jamestown,4708.79,2354.395,2,2354.395,4548.81,4708.79
249,East,New York,Lindenhurst,55.48,55.48,1,55.48,55.48,55.48
250,East,New York,Long Beach,15684.792,461.31741176470587,34,461.31741176470587,1745.36,15684.792
251,East,New York,Mount Vernon,3973.102,496.63775,8,496.63775,1085.42,3973.102
252,East,New York,New Rochelle,4369.552,291.3034666666666,15,291.3034666666666,692.502,4369.552
253,East,New York,New York City,2561504.0579999997,2150.717093198992,1191,2150.717093198992,13716.458,2561504.0579999997
254,East,New York,Niagara Falls,234.834,78.278,3,78.278,164.85,234.834
255,East,New York,Oceanside,28718.082000000002,844.6494705882353,34,844.6494705882353,1170.72,28718.082000000002
256,East,New York,Rochester,14397.282,378.87584210526313,38,378.87584210526313,1217.568,14397.282
257,East,New York,Rome,3841.542,320.1285,12,320.1285,408.96,3841.542
258,East,New York,Troy,33435.888,586.5945263157895,57,586.5945263157895,655.09,33435.888
259,East,New York,Utica,2313.56,289.195,8,289.195,414.63,2313.56
260,East,New York,Watertown,6192.592,619.2592,10,619.2592,1573.488,6192.592
261,East,New York,Yonkers,29467.262,1964.4841333333331,15,1964.4841333333331,6125.822,29467.262
262,East,Ohio,Akron,7278.318,346.58657142857146,21,346.58657142857146,949.772,7278.318
263,East,Ohio,Bowling Green,5056.9490000000005,632.1186250000001,8,632.1186250000001,1126.294,5056.9490000000005
264,East,Ohio,Cincinnati,2193.611,129.03594117647057,17,129.03594117647057,839.988,2193.611
265,East,Ohio,Cleveland,17927.067,426.8349285714286,42,426.8349285714286,1110.344,17927.067
266,East,Ohio,Columbus,60403.033,425.3734718309859,142,425.3734718309859,2610.73,60403.033
267,East,Ohio,Cuyahoga Falls,29.093999999999998,9.697999999999999,3,9.697999999999999,18.528,29.093999999999998
268,East,Ohio,Dublin,25240.208,586.9815813953488,43,586.9815813953488,1048.35,25240.208
269,East,Ohio,Elyria,1.824,1.824,1,1.824,1.824,1.824
270,East,Ohio,Fairfield,6170.0199999999995,362.94235294117647,17,362.94235294117647,795.408,6170.0199999999995
271,East,Ohio,Grove City,247.176,123.588,2,123.588,123.588,247.176
272,East,Ohio,Hamilton,341.68,85.42,4,85.42,190.848,341.68
273,East,Ohio,Kent,734.25,146.85,5,146.85,193.974,734.25
274,East,Ohio,Lakewood,2305.3540000000003,135.60905882352944,17,135.60905882352944,661.176,2305.3540000000003
275,East,Ohio,Lancaster,20751.857,669.4147419354839,31,669.4147419354839,5016.549,20751.857
276,East,Ohio,Lorain,2671.158,296.7953333333333,9,296.7953333333333,1421.664,2671.158
277,East,Ohio,Marion,6779.456,484.24685714285715,14,484.24685714285715,1568.862,6779.456
278,East,Ohio,Mason,282.792,94.264,3,94.264,94.264,282.792
279,East,Ohio,Medina,47297.301999999996,1630.9414482758618,29,1630.9414482758618,1816.696,47297.301999999996
280,East,Ohio,Mentor,4158.78,693.13,6,693.13,693.13,4158.78
281,East,Ohio,Newark,29480.68,842.3051428571429,35,842.3051428571429,4190.206,29480.68
282,East,Ohio,Parma,18459.832,1845.9832,10,1845.9832,3588.096,18459.832
283,East,Ohio,Springfield,17098.848,407.1154285714286,42,407.1154285714286,899.59,17098.848
284,East,Ohio,Toledo,9796.896,306.153,32,306.153,1537.544,9796.896
285,East,Ohio,Troy,38581.475,1134.7492647058823,34,1134.7492647058823,1448.853,38581.475
286,East,Pennsylvania,Allentown,4218.835999999999,602.690857142857,7,602.690857142857,837.444,4218.835999999999
287,East,Pennsylvania,Altoona,40.902,20.451,2,20.451,20.451,40.902
288,East,Pennsylvania,Bethlehem,4935.9619999999995,987.1923999999999,5,987.1923999999999,1556.694,4935.9619999999995
289,East,Pennsylvania,Chester,8079.639999999999,504.97749999999996,16,504.97749999999996,1106.77,8079.639999999999
290,East,Pennsylvania,Lancaster,1673.907,167.39069999999998,10,167.39069999999998,319.532,1673.907
291,East,Pennsylvania,Philadelphia,506593.26300000004,848.5649296482412,597,848.5649296482412,8539.02,506593.26300000004
292,East,Pennsylvania,Reading,1419.64,283.928,5,283.928,545.928,1419.64
293,East,Pennsylvania,York,6637.442,603.4038181818182,11,603.4038181818182,714.498,6637.442
294,East,Rhode Island,Cranston,22573.852,1410.86575,16,1410.86575,2116.506,22573.852
295,East,Rhode Island,Providence,55850.24,1692.431515151515,33,1692.431515151515,5549.41,55850.24
296,East,Rhode Island,Warwick,2489.76,497.95200000000006,5,497.95200000000006,1999.96,2489.76
297,East,Rhode Island,Woonsocket,286.69,71.6725,4,71.6725,91.14,286.69
298,East,West Virginia,Wheeling,2282.784,570.696,4,570.696,673.344,2282.784
299,South,Alabama,Auburn,4794.04,799.0066666666667,6,799.0066666666667,1264.14,4794.04
300,South,Alabama,Decatur,7593.3,506.22,15,506.22,1215.92,7593.3
301,South,Alabama,Florence,5957.13,1191.426,5,1191.426,1979.89,5957.13
302,South,Alabama,Hoover,1051.7,262.925,4,262.925,503.22,1051.7
303,South,Alabama,Huntsville,4942.21,494.221,10,494.221,1319.96,4942.21
304,South,Alabama,Mobile,19607.46,1782.4963636363636,11,1782.4963636363636,3236.41,19607.46
305,South,Alabama,Montgomery,9616.070000000002,961.6070000000002,10,961.6070000000002,2216.8,9616.070000000002
306,South,Alabama,Tuscaloosa,175.70000000000002,87.85000000000001,2,87.85000000000001,141.96,175.70000000000002
307,South,Arkansas,Conway,301.96,301.96,1,301.96,301.96,301.96
308,South,Arkansas,Fayetteville,7300.62,521.4728571428572,14,521.4728571428572,1793.98,7300.62
309,South,Arkansas,Hot Springs,677.51,169.3775,4,169.3775,215.84,677.51
310,South,Arkansas,Jonesboro,12329.94,1120.9036363636365,11,1120.9036363636365,1859.4,12329.94
311,South,Arkansas,Little Rock,15282.93,636.78875,24,636.78875,1152.87,15282.93
312,South,Arkansas,Pine Bluff,425.82,212.91,2,212.91,212.91,425.82
313,South,Arkansas,Rogers,40.41,40.41,1,40.41,40.41,40.41
314,South,Arkansas,Springdale,4.3,4.3,1,4.3,4.3,4.3
315,South,Arkansas,Texarkana,654.24,327.12,2,327.12,605.34,654.24
316,South,Florida,Apopka,2002.26,286.03714285714284,7,286.03714285714284,681.432,2002.26
317,South,Florida,Boca Raton,121.40799999999999,40.46933333333333,3,40.46933333333333,58.4,121.40799999999999
318,South,Florida,Boynton Beach,1584.492,158.4492,10,158.4492,314.393,1584.492
319,South,Florida,Coral Gables,128.496,64.248,2,64.248,64.248,128.496
320,South,Florida,Coral Springs,1479.664,184.958,8,184.958,387.136,1479.664
321,South,Florida,Daytona Beach,544.663,136.16575,4,136.16575,194.1395,544.663
322,South,Florida,Delray Beach,475.15999999999997,158.38666666666666,3,158.38666666666666,232.624,475.15999999999997
323,South,Florida,Deltona,2636.552,376.65028571428576,7,376.65028571428576,581.104,2636.552
324,South,Florida,Fort Lauderdale,6431.581,428.77206666666666,15,428.77206666666666,1158.12,6431.581
325,South,Florida,Hialeah,4976.777,276.4876111111111,18,276.4876111111111,1015.816,4976.777
326,South,Florida,Hollywood,1741.108,158.28254545454544,11,158.28254545454544,399.53,1741.108
327,South,Florida,Homestead,179.88,59.96,3,59.96,85.224,179.88
328,South,Florida,Jacksonville,198197.993,2573.999909090909,77,2573.999909090909,23661.228,198197.993
329,South,Florida,Jupiter,2.064,2.064,1,2.064,2.064,2.064
330,South,Florida,Kissimmee,751.984,751.984,1,751.984,751.984,751.984
331,South,Florida,Lakeland,32198.2265,1463.55575,22,1463.55575,3165.744,32198.2265
332,South,Florida,Margate,15.552,15.552,1,15.552,15.552,15.552
333,South,Florida,Melbourne,95.616,95.616,1,95.616,95.616,95.616
334,South,Florida,Miami,19841.7645,348.1011315789474,57,348.1011315789474,1466.32,19841.7645
335,South,Florida,Miramar,4301.816,537.727,8,537.727,559.2,4301.816
336,South,Florida,North Miami,22.128,11.064,2,11.064,14.496,22.128
337,South,Florida,Orlando,5980.418,543.6743636363636,11,543.6743636363636,1030.742,5980.418
338,South,Florida,Ormond Beach,2.808,2.808,1,2.808,2.808,2.808
339,South,Florida,Palm Coast,759.52,151.904,5,151.904,242.546,759.52
340,South,Florida,Pembroke Pines,10098.939,721.3527857142857,14,721.3527857142857,1111.698,10098.939
341,South,Florida,Pensacola,2.214,2.214,1,2.214,2.214,2.214
342,South,Florida,Plantation,29864.920000000002,728.4126829268293,41,728.4126829268293,792.508,29864.920000000002
343,South,Florida,Pompano Beach,116.49600000000001,38.832,3,38.832,64.384,116.49600000000001
344,South,Florida,Port Orange,7.824,7.824,1,7.824,7.824,7.824
345,South,Florida,Port Saint Lucie,248.95,82.98333333333333,3,82.98333333333333,231.92,248.95
346,South,Florida,Saint Petersburg,7709.672,550.6908571428571,14,550.6908571428571,937.608,7709.672
347,South,Florida,Sanford,451.092,225.546,2,225.546,225.546,451.092
348,South,Florida,Tallahassee,26473.171000000002,1557.2453529411766,17,1557.2453529411766,4590.344,26473.171000000002
349,South,Florida,Tamarac,4233.642,1058.4105,4,1058.4105,1410.066,4233.642
350,South,Florida,Tampa,20680.5425,574.4595138888889,36,574.4595138888889,1735.8505,20680.5425
351,South,Florida,West Palm Beach,141.328,47.10933333333333,3,47.10933333333333,72.224,141.328
352,South,Georgia,Athens,4448.24,556.03,8,556.03,1220.67,4448.24
353,South,Georgia,Atlanta,61106.590000000004,1566.835641025641,39,1566.835641025641,6412.77,61106.590000000004
354,South,Georgia,Columbus,51116.43,623.3710975609756,82,623.3710975609756,3002.65,51116.43
355,South,Georgia,East Point,805.1999999999999,268.4,3,268.4,268.4,805.1999999999999
356,South,Georgia,Macon,630.42,105.07,6,105.07,149.56,630.42
357,South,Georgia,Marietta,11218.98,1602.7114285714285,7,1602.7114285714285,2673.69,11218.98
358,South,Georgia,Roswell,14458.5,803.25,18,803.25,2747.25,14458.5
359,South,Georgia,Sandy Springs,6013.09,429.50642857142856,14,429.50642857142856,1302.83,6013.09
360,South,Georgia,Smyrna,23436.620000000003,1378.624705882353,17,1378.624705882353,2075.51,23436.620000000003
361,South,Georgia,Warner Robins,434.8,217.4,2,217.4,392.94,434.8
362,South,Georgia,Woodstock,573.3,286.65,2,286.65,286.65,573.3
363,South,Kentucky,Bowling Green,211.81,105.905,2,105.905,140.81,211.81
364,South,Kentucky,Florence,14330.71,1433.071,10,1433.071,3747.93,14330.71
365,South,Kentucky,Georgetown,4156.32,519.54,8,519.54,1284.8,4156.32
366,South,Kentucky,Henderson,62490.66,1301.88875,48,1301.88875,4374.88,62490.66
367,South,Kentucky,Louisville,32314.91,718.1091111111111,45,718.1091111111111,1814.68,32314.91
368,South,Kentucky,Murray,264.62,132.31,2,132.31,191.82,264.62
369,South,Kentucky,Owensboro,71.18,35.59,2,35.59,45.68,71.18
370,South,Kentucky,Richmond,25254.9,742.7911764705883,34,742.7911764705883,1827.51,25254.9
371,South,Louisiana,Bossier City,6566.22,1094.3700000000001,6,1094.3700000000001,1287.26,6566.22
372,South,Louisiana,Kenner,178.64,89.32,2,89.32,89.32,178.64
373,South,Louisiana,Lafayette,10965.27,577.1194736842106,19,577.1194736842106,1665.62,10965.27
374,South,Louisiana,Lake Charles,617.31,205.76999999999998,3,205.76999999999998,477.51,617.31
375,South,Louisiana,Monroe,3954.47,329.53916666666663,12,329.53916666666663,682.91,3954.47
376,South,Mississippi,Gulfport,166.5,55.5,3,55.5,86.45,166.5
377,South,Mississippi,Hattiesburg,7647.98,849.7755555555555,9,849.7755555555555,1110.5,7647.98
378,South,Mississippi,Jackson,19775.39,366.2109259259259,54,366.2109259259259,2503.47,19775.39
379,South,Mississippi,Southaven,5205.42,743.6314285714286,7,743.6314285714286,839.25,5205.42
380,South,North Carolina,Asheville,1527.72,218.24571428571429,7,218.24571428571429,1363.96,1527.72
381,South,North Carolina,Burlington,23089.8,2099.072727272727,11,2099.072727272727,8167.42,23089.8
382,South,North Carolina,Cary,956.672,159.44533333333334,6,159.44533333333334,246.168,956.672
383,South,North Carolina,Chapel Hill,14.016,14.016,1,14.016,14.016,14.016
384,South,North Carolina,Charlotte,96674.753,1178.9604024390244,82,1178.9604024390244,2692.329,96674.753
385,South,North Carolina,Concord,6721.18,672.118,10,672.118,4297.644,6721.18
386,South,North Carolina,Durham,1858.344,206.48266666666666,9,206.48266666666666,440.144,1858.344
387,South,North Carolina,Fayetteville,9743.894,360.88496296296296,27,360.88496296296296,831.368,9743.894
388,South,North Carolina,Gastonia,3580.24,895.06,4,895.06,895.06,3580.24
389,South,North Carolina,Goldsboro,34.944,34.944,1,34.944,34.944,34.944
390,South,North Carolina,Greensboro,4529.048,348.38830769230765,13,348.38830769230765,1883.724,4529.048
391,South,North Carolina,Greenville,3252.31,361.36777777777775,9,361.36777777777775,1299.99,3252.31
392,South,North Carolina,Hickory,40.764,20.382,2,20.382,36.192,40.764
393,South,North Carolina,Jacksonville,18114.207,362.28414,50,362.28414,1395.673,18114.207
394,South,North Carolina,Monroe,2192.984,243.66488888888887,9,243.66488888888887,776.08,2192.984
395,South,North Carolina,Raleigh,6808.124,309.4601818181818,22,309.4601818181818,1127.976,6808.124
396,South,North Carolina,Thomasville,250.448,83.48266666666667,3,83.48266666666667,99.156,250.448
397,South,North Carolina,Wilmington,743.1619999999999,82.57355555555554,9,82.57355555555554,310.688,743.1619999999999
398,South,North Carolina,Wilson,921.892,153.64866666666668,6,153.64866666666668,191.808,921.892
399,South,South Carolina,Columbia,38770.68,1292.356,30,1292.356,3631.96,38770.68
400,South,South Carolina,Florence,1809.31,301.5516666666667,6,301.5516666666667,685.26,1809.31
401,South,South Carolina,Mount Pleasant,545.94,545.94,1,545.94,545.94,545.94
402,South,South Carolina,North Charleston,284.25,142.125,2,142.125,269.49,284.25
403,South,South Carolina,Rock Hill,11.85,11.85,1,11.85,11.85,11.85
404,South,South Carolina,Summerville,813.88,406.94,2,406.94,406.94,813.88
405,South,Tennessee,Bartlett,88.96,88.96,1,88.96,88.96,88.96
406,South,Tennessee,Bristol,477.49800000000005,95.49960000000002,5,95.49960000000002,170.352,477.49800000000005
407,South,Tennessee,Chattanooga,2225.879,222.5879,10,222.5879,491.888,2225.879
408,South,Tennessee,Clarksville,5393.236,770.4622857142857,7,770.4622857142857,1635.018,5393.236
409,South,Tennessee,Columbia,10529.964,584.998,18,584.998,1893.786,10529.964
410,South,Tennessee,Franklin,4085.1800000000003,371.38000000000005,11,371.38000000000005,763.508,4085.1800000000003
411,South,Tennessee,Hendersonville,942.396,188.4792,5,188.4792,303.32,942.396
412,South,Tennessee,Jackson,28298.716,943.2905333333333,30,943.2905333333333,1090.348,28298.716
413,South,Tennessee,Johnson City,6378.022,199.3131875,32,199.3131875,362.176,6378.022
414,South,Tennessee,Knoxville,20560.804,856.7001666666666,24,856.7001666666666,2437.672,20560.804
415,South,Tennessee,Lebanon,488.896,162.96533333333335,3,162.96533333333335,239.976,488.896
416,South,Tennessee,Memphis,24712.528,823.7509333333333,30,823.7509333333333,2382.926,24712.528
417,South,Tennessee,Murfreesboro,1542.74,140.2490909090909,11,140.2490909090909,284.44,1542.74
418,South,Tennessee,Nashville,149544.749,2106.2640704225355,71,2106.2640704225355,2942.784,149544.749
419,South,Tennessee,Smyrna,2293.293,327.6132857142857,7,327.6132857142857,670.001,2293.293
420,South,Virginia,Alexandria,28194.91,1762.181875,16,1762.181875,4251.92,28194.91
421,South,Virginia,Arlington,38585.060000000005,1205.7831250000002,32,1205.7831250000002,8805.04,38585.060000000005
422,South,Virginia,Charlottesville,102.60999999999999,51.30499999999999,2,51.30499999999999,67.96,102.60999999999999
423,South,Virginia,Chesapeake,11948.19,663.7883333333334,18,663.7883333333334,1678.0,11948.19
424,South,Virginia,Hampton,8560.68,778.2436363636364,11,778.2436363636364,1417.35,8560.68
425,South,Virginia,Harrisonburg,13041.82,1863.1171428571429,7,1863.1171428571429,2884.37,13041.82
426,South,Virginia,Newport News,8661.36,721.7800000000001,12,721.7800000000001,1611.01,8661.36
427,South,Virginia,Richmond,15009.61,555.9114814814815,27,555.9114814814815,2145.25,15009.61
428,South,Virginia,Salem,8572.2,571.48,15,571.48,951.98,8572.2
429,South,Virginia,Springfield,63131.96,1127.3564285714285,56,1127.3564285714285,4317.3,63131.96
430,South,Virginia,Suffolk,4382.639999999999,438.26399999999995,10,438.26399999999995,1065.84,4382.639999999999
431,South,Virginia,Virginia Beach,18717.31,850.7868181818183,22,850.7868181818183,3333.9,18717.31
432,South,Virginia,Waynesboro,11475.210000000001,1147.5210000000002,10,1147.5210000000002,2298.9,11475.210000000001
433,West,Arizona,Avondale,1205.52,200.92,6,200.92,742.336,1205.52
434,West,Arizona,Bullhead City,44.576,22.288,2,22.288,22.288,44.576
435,West,Arizona,Chandler,1927.667,275.381,7,275.381,850.92,1927.667
436,West,Arizona,Gilbert,13242.004,778.9414117647059,17,778.9414117647059,1280.992,13242.004
437,West,Arizona,Glendale,9388.105,408.17847826086955,23,408.17847826086955,976.512,9388.105
438,West,Arizona,Mesa,14435.154,481.1718,30,481.1718,1044.075,14435.154
439,West,Arizona,Peoria,5481.964,342.62275,16,342.62275,668.744,5481.964
440,West,Arizona,Phoenix,101898.079,934.8447614678898,109,934.8447614678898,2200.328,101898.079
441,West,Arizona,Scottsdale,2974.674,247.8895,12,247.8895,378.594,2974.674
442,West,Arizona,Sierra Vista,137.776,45.925333333333334,3,45.925333333333334,61.704,137.776
443,West,Arizona,Tempe,4678.286,359.86815384615386,13,359.86815384615386,598.144,4678.286
444,West,Arizona,Tucson,23624.738,738.2730625,32,738.2730625,1520.376,23624.738
445,West,Arizona,Yuma,840.865,210.21625,4,210.21625,599.985,840.865
446,West,California,Anaheim,248939.34,1817.0754744525548,137,1817.0754744525548,1937.924,248939.34
447,West,California,Antioch,19.44,19.44,1,19.44,19.44,19.44
448,West,California,Apple Valley,21396.592,1126.1364210526317,19,1126.1364210526317,1295.025,21396.592
449,West,California,Bakersfield,9290.036,258.0565555555556,36,258.0565555555556,486.368,9290.036
450,West,California,Brentwood,174026.72,2636.768484848485,66,2636.768484848485,3397.732,174026.72
451,West,California,Burbank,9741.474,3247.158,3,3247.158,3247.158,9741.474
452,West,California,Camarillo,5825.879999999999,1165.176,5,1165.176,1452.7875,5825.879999999999
453,West,California,Chico,29760.334,725.8618048780487,41,725.8618048780487,1242.896,29760.334
454,West,California,Chula Vista,1041.62,347.20666666666665,3,347.20666666666665,665.88,1041.62
455,West,California,Citrus Heights,129.39,129.39,1,129.39,129.39,129.39
456,West,California,Coachella,327.1,163.55,2,163.55,163.55,327.1
457,West,California,Concord,4732.192,591.524,8,591.524,1629.712,4732.192
458,West,California,Costa Mesa,7430.62,391.08526315789476,19,391.08526315789476,686.244,7430.62
459,West,California,Danville,6953.292,1158.882,6,1158.882,1158.882,6953.292
460,West,California,Davis,32.4,32.4,1,32.4,32.4,32.4
461,West,California,Dublin,22.0,22.0,1,22.0,22.0,22.0
462,West,California,El Cajon,865.616,432.808,2,432.808,478.48,865.616
463,West,California,Encinitas,21481.769,421.2111568627451,51,421.2111568627451,2049.816,21481.769
464,West,California,Escondido,94.548,31.516000000000002,3,31.516000000000002,53.94,94.548
465,West,California,Fairfield,70500.53600000001,1330.1987924528303,53,1330.1987924528303,1435.96,70500.53600000001
466,West,California,Fresno,25003.0815,961.6569807692308,26,961.6569807692308,4630.5105,25003.0815
467,West,California,Hesperia,2267.7015,377.95025000000004,6,377.95025000000004,436.704,2267.7015
468,West,California,Huntington Beach,2541.76,423.6266666666667,6,423.6266666666667,2399.96,2541.76
469,West,California,Inglewood,191702.49599999998,2662.5346666666665,72,2662.5346666666665,2971.792,191702.49599999998
470,West,California,La Mesa,735.06,367.53,2,367.53,367.53,735.06
471,West,California,La Quinta,46.32,46.32,1,46.32,46.32,46.32
472,West,California,Laguna Niguel,513.1030000000001,85.51716666666668,6,85.51716666666668,203.983,513.1030000000001
473,West,California,Lake Elsinore,283.92,283.92,1,283.92,283.92,283.92
474,West,California,Lake Forest,5306.424,884.404,6,884.404,1027.676,5306.424
475,West,California,Lakewood,3362.567,420.320875,8,420.320875,868.452,3362.567
476,West,California,Lancaster,577.604,115.52080000000001,5,115.52080000000001,348.928,577.604
477,West,California,Lodi,136.98,68.49,2,68.49,97.3,136.98
478,West,California,Long Beach,17672.046,654.5202222222222,27,654.5202222222222,2089.412,17672.046
479,West,California,Los Angeles,784842.1885,780.937500995025,1005,780.937500995025,4173.812,784842.1885
480,West,California,Manteca,589.8140000000001,196.6046666666667,3,196.6046666666667,314.55,589.8140000000001
481,West,California,Mission Viejo,1261.306,252.2612,5,252.2612,356.65,1261.306
482,West,California,Modesto,326.15000000000003,108.71666666666668,3,108.71666666666668,161.568,326.15000000000003
483,West,California,Montebello,27.88,27.88,1,27.88,27.88,27.88
484,West,California,Moreno Valley,2674.024,222.83533333333332,12,222.83533333333332,884.68,2674.024
485,West,California,Morgan Hill,2180.04,545.01,4,545.01,545.01,2180.04
486,West,California,Murrieta,484.65,484.65,1,484.65,484.65,484.65
487,West,California,Oakland,83935.282,1199.0754571428572,70,1199.0754571428572,1520.15,83935.282
488,West,California,Oceanside,3830.092,191.5046,20,191.5046,222.032,3830.092
489,West,California,Ontario,283.92,283.92,1,283.92,283.92,283.92
490,West,California,Oxnard,5468.22,607.58,9,607.58,1215.72,5468.22
491,West,California,Pasadena,27249.706,514.1453962264151,53,514.1453962264151,739.736,27249.706
492,West,California,Pico Rivera,145.9,145.9,1,145.9,145.9,145.9
493,West,California,Pomona,2814.714,402.102,7,402.102,910.792,2814.714
494,West,California,Rancho Cucamonga,231.852,57.963,4,57.963,152.94,231.852
495,West,California,Redding,333.576,333.576,1,333.576,333.576,333.576
496,West,California,Redlands,208428.43099999998,2368.5048977272727,88,2368.5048977272727,2562.171,208428.43099999998
497,West,California,Redondo Beach,8376.892,598.3494285714286,14,598.3494285714286,1840.043,8376.892
498,West,California,Redwood City,41.904,41.904,1,41.904,41.904,41.904
499,West,California,Riverside,4984.664,356.04742857142855,14,356.04742857142855,1085.688,4984.664
500,West,California,Roseville,13455.234000000002,240.27203571428575,56,240.27203571428575,423.05,13455.234000000002
501,West,California,Sacramento,18675.275999999998,1436.559692307692,13,1436.559692307692,5325.884,18675.275999999998
502,West,California,Salinas,2218.025,277.253125,8,277.253125,481.698,2218.025
503,West,California,San Bernardino,2742.692,304.74355555555553,9,304.74355555555553,723.164,2742.692
504,West,California,San Clemente,180.116,90.058,2,90.058,90.058,180.116
505,West,California,San Diego,136652.878,653.8415215311005,209,653.8415215311005,4823.09,136652.878
506,West,California,San Francisco,469263.571,686.0578523391813,684,686.0578523391813,8319.29,469263.571
507,West,California,San Gabriel,6183.030000000001,2061.01,3,2061.01,2061.01,6183.030000000001
508,West,California,San Jose,18577.436,403.85730434782613,46,403.85730434782613,1769.784,18577.436
509,West,California,San Luis Obispo,3.62,3.62,1,3.62,3.62,3.62
510,West,California,San Mateo,75.18,75.18,1,75.18,75.18,75.18
511,West,California,Santa Ana,9751.288,609.4555,16,609.4555,1418.21,9751.288
512,West,California,Santa Barbara,11739.395999999999,1467.4244999999999,8,1467.4244999999999,3528.488,11739.395999999999
513,West,California,Santa Clara,1356.704,113.05866666666667,12,113.05866666666667,131.84,1356.704
514,West,California,Santa Maria,115.44,115.44,1,115.44,115.44,115.44
515,West,California,Stockton,1336.4,222.73333333333335,6,222.73333333333335,629.64,1336.4
516,West,California,Sunnyvale,2317.1459999999997,386.191,6,386.191,420.234,2317.1459999999997
517,West,California,Temecula,12938.656,808.666,16,808.666,808.666,12938.656
518,West,California,Thousand Oaks,414.17400000000004,82.8348,5,82.8348,175.37,414.17400000000004
519,West,California,Torrance,6264.536,1566.134,4,1566.134,2011.9,6264.536
520,West,California,Vacaville,423.28,423.28,1,423.28,423.28,423.28
521,West,California,Vallejo,4572.068,571.5085,8,571.5085,1064.624,4572.068
522,West,California,Visalia,940.5,235.125,4,235.125,310.86,940.5
523,West,California,Westminster,27699.068,1629.3569411764706,17,1629.3569411764706,2563.314,27699.068
524,West,California,Whittier,444.768,444.768,1,444.768,444.768,444.768
525,West,California,Woodland,289.34000000000003,96.44666666666667,3,96.44666666666667,239.984,289.34000000000003
526,West,California,Yucaipa,50.8,50.8,1,50.8,50.8,50.8
527,West,Colorado,Arvada,2013.6,503.4,4,503.4,503.4,2013.6
528,West,Colorado,Aurora,15207.694,380.19235,40,380.19235,752.41,15207.694
529,West,Colorado,Broomfield,2968.72,593.7439999999999,5,593.7439999999999,725.072,2968.72
530,West,Colorado,Colorado Springs,16342.953000000001,605.2945555555556,27,605.2945555555556,1344.42,16342.953000000001
531,West,Colorado,Commerce City,146.352,146.352,1,146.352,146.352,146.352
532,West,Colorado,Denver,91536.017,1386.9093484848486,66,1386.9093484848486,2331.84,91536.017
533,West,Colorado,Englewood,248.112,124.056,2,124.056,124.056,248.112
534,West,Colorado,Fort Collins,1746.128,249.44685714285714,7,249.44685714285714,582.304,1746.128
535,West,Colorado,Greeley,121.408,30.352,4,30.352,30.352,121.408
536,West,Colorado,Littleton,72.294,72.294,1,72.294,72.294,72.294
537,West,Colorado,Longmont,1664.576,554.8586666666666,3,554.8586666666666,749.488,1664.576
538,West,Colorado,Louisville,19044.726000000002,793.5302500000001,24,793.5302500000001,2613.309,19044.726000000002
539,West,Colorado,Loveland,37.716,9.429,4,9.429,16.752,37.716
540,West,Colorado,Parker,22438.602,801.3786428571428,28,801.3786428571428,874.308,22438.602
541,West,Colorado,Pueblo,13746.439999999999,687.3219999999999,20,687.3219999999999,845.728,13746.439999999999
542,West,Colorado,Thornton,2909.768,290.9768,10,290.9768,447.944,2909.768
543,West,Idaho,Boise,4098.058,683.0096666666667,6,683.0096666666667,1001.196,4098.058
544,West,Idaho,Caldwell,1366.896,455.632,3,455.632,455.632,1366.896
545,West,Idaho,Lewiston,9.584,9.584,1,9.584,9.584,9.584
546,West,Idaho,Meridian,944.532,236.133,4,236.133,307.74,944.532
547,West,Idaho,Pocatello,3504.41,500.63,7,500.63,814.526,3504.41
548,West,Idaho,Twin Falls,2297.612,1148.806,2,1148.806,1148.806,2297.612
549,West,Montana,Billings,8.288,8.288,1,8.288,8.288,8.288
550,West,Montana,Bozeman,174.64,43.66,4,43.66,43.66,174.64
551,West,Montana,Great Falls,17993.928,2249.241,8,2249.241,4189.38,17993.928
552,West,Montana,Helena,847.78,282.5933333333333,3,282.5933333333333,403.94,847.78
553,West,Montana,Missoula,487.984,487.984,1,487.984,487.984,487.984
554,West,Nevada,Henderson,3579.666,1193.222,3,1193.222,1691.608,3579.666
555,West,Nevada,Las Vegas,4671.82,359.3707692307692,13,359.3707692307692,1196.316,4671.82
556,West,Nevada,North Las Vegas,27808.842,1738.052625,16,1738.052625,4685.076,27808.842
557,West,Nevada,Reno,807.47,201.8675,4,201.8675,475.944,807.47
558,West,Nevada,Sparks,2561.96,853.9866666666667,3,853.9866666666667,2396.4,2561.96
559,West,New Mexico,Albuquerque,6309.704,394.3565,16,394.3565,780.086,6309.704
560,West,New Mexico,Carlsbad,1281.744,116.5221818181818,11,116.5221818181818,228.28,1281.744
561,West,New Mexico,Clovis,222.84,111.42,2,111.42,111.42,222.84
562,West,New Mexico,Farmington,718.72,239.57333333333335,3,239.57333333333335,545.85,718.72
563,West,New Mexico,Las Cruces,98.77,32.92333333333333,3,32.92333333333333,49.12,98.77
564,West,New Mexico,Rio Rancho,2228.384,1114.192,2,1114.192,1114.192,2228.384
565,West,New Mexico,Santa Fe,100.92,50.46,2,50.46,92.52,100.92
566,West,Oregon,Eugene,8790.192,1465.032,6,1465.032,1465.032,8790.192
567,West,Oregon,Gresham,3642.192,728.4384,5,728.4384,1508.768,3642.192
568,West,Oregon,Hillsboro,175.676,43.919,4,43.919,64.072,175.676
569,West,Oregon,Medford,145.89,36.4725,4,36.4725,55.672,145.89
570,West,Oregon,Portland,7864.642,280.8800714285714,28,280.8800714285714,599.896,7864.642
571,West,Oregon,Redmond,2598.483,324.810375,8,324.810375,711.784,2598.483
572,West,Oregon,Salem,35245.722,435.1323703703704,81,435.1323703703704,610.418,35245.722
573,West,Oregon,Springfield,19689.189,447.48156818181815,44,447.48156818181815,1215.269,19689.189
574,West,Oregon,Tigard,4116.276,514.5345,8,514.5345,1122.968,4116.276
575,West,Utah,Draper,415.37,138.45666666666668,3,138.45666666666668,151.72,415.37
576,West,Utah,Layton,4.96,4.96,1,4.96,4.96,4.96
577,West,Utah,Lehi,1516.726,758.363,2,758.363,1499.95,1516.726
578,West,Utah,Logan,1401.38,280.276,5,280.276,280.276,1401.38
579,West,Utah,Murray,244.23600000000002,81.412,3,81.412,97.918,244.23600000000002
580,West,Utah,Orem,6677.576,741.9528888888889,9,741.9528888888889,1745.71,6677.576
581,West,Utah,Pleasant Grove,76549.368,2068.901837837838,37,2068.901837837838,2126.034,76549.368
582,West,Utah,Provo,13453.858,1345.3858,10,1345.3858,1782.104,13453.858
583,West,Utah,Salt Lake City,1460.136,182.517,8,182.517,295.056,1460.136
584,West,Utah,West Jordan,4157.1,244.53529411764708,17,244.53529411764708,256.35,4157.1
585,West,Washington,Auburn,4.18,4.18,1,4.18,4.18,4.18
586,West,Washington,Bellevue,143.41400000000002,23.902333333333335,6,23.902333333333335,39.792,143.41400000000002
587,West,Washington,Bellingham,6480.98,2160.3266666666664,3,2160.3266666666664,2690.74,6480.98
588,West,Washington,Covington,1147.24,286.81,4,286.81,366.78,1147.24
589,West,Washington,Des Moines,5782.7080000000005,826.1011428571429,7,826.1011428571429,2046.354,5782.7080000000005
590,West,Washington,Edmonds,8992.206,562.012875,16,562.012875,1549.77,8992.206
591,West,Washington,Everett,3.856,3.856,1,3.856,3.856,3.856
592,West,Washington,Kent,4818.724,602.3405,8,602.3405,1058.108,4818.724
593,West,Washington,Longview,213.57,71.19,3,71.19,94.36,213.57
594,West,Washington,Marysville,102.18,51.09,2,51.09,93.36,102.18
595,West,Washington,Olympia,1839.328,367.8656,5,367.8656,649.6,1839.328
596,West,Washington,Pasco,7945.264,1324.2106666666666,6,1324.2106666666666,1771.52,7945.264
597,West,Washington,Redmond,98.13999999999999,32.71333333333333,3,32.71333333333333,42.91,98.13999999999999
598,West,Washington,Renton,3727.896,1242.632,3,1242.632,1242.632,3727.896
599,West,Washington,Seattle,501737.406,865.0644931034483,580,865.0644931034483,14052.48,501737.406
600,West,Washington,Spokane,4449.592,494.3991111111111,9,494.3991111111111,837.6,4449.592
601,West,Washington,Vancouver,1953.188,390.6376,5,390.6376,633.176,1953.188
602,West,Wyoming,Cheyenne,1603.136,1603.136,1,1603.136,1603.136,1603.136
